U_star	 LCO_Heave	 LCO_Pitch_deg	 LCO_Flap_deg	 Freq_Ratio	 X0_1	 X0_2	 X0_3	 X0_4	 X0_5	 X0_6	 X0_7	 X0_8	 X0_9	 X0_10	 X0_11	 X0_12
3.06769100301454	0	0	0	0.0946646195681933	0	0	0	0	0	0	0	0	0	0	0	0
3.06869100301454	0.000156607270831072	0.0360680795677712	0.330564633518388	0.0946434662477814	0.0000244581999044967	-0.000102119964975669	-0.0000842122057710972	0.00015111152222721	-0.000605645770347369	0.00576770319297521	-0.0000494321785460792	0.0000470557449638794	0.000209629899248673	-0.000179366405292629	0.00097450607766866	0.0040901563556726
3.07047709881776	0.000261369297845674	0.0601640134500034	0.551716135786058	0.0946057137302313	0.0000408205800476881	-0.000170457423223638	-0.000140538075755373	0.00025218961316489	-0.00101018001761625	0.00962636107032411	-0.0000825700584507623	0.0000785743327722086	0.00035029418873327	-0.00029905706694541	0.00162757265860262	0.00683060169630917
3.07309609485364	0.000363980116222278	0.0837189529452427	0.768356012590838	0.09455042420442	0.0000568485357577711	-0.000237426965043511	-0.000195695850436151	0.000351181167325795	-0.00140551768439609	0.0134062982214046	-0.000115129662551802	0.000109505203861707	0.000488699634372093	-0.000415858039148331	0.00226893321534533	0.00952108194405159
3.07647372875817	0.00046386156585039	0.106586003847816	0.979270346497196	0.0944792380742136	0.0000724520843062755	-0.000302661246859627	-0.000249370632612783	0.000447525147294815	-0.00178915871039779	0.0170863336578011	-0.000146958313633119	0.000139692514649555	0.000624257510970267	-0.000528977469095654	0.00289548743938203	0.0121483294615065
3.08052798070127	0.000560640150116334	0.128668823911137	1.18367337202958	0.0943939681975552	0.0000875729809149283	-0.000365923163463202	-0.000301358008426578	0.000540858877838079	-0.00215946062576378	0.0206527569356529	-0.000177959971871027	0.000169037654443	0.000756605052003564	-0.000637888963000286	0.00350527584603799	0.0147039244842483
3.08517678981658	0.00065412293637259	0.149915817573122	1.38115693923605	0.094296429631052	0.000102180974615418	-0.000427090389921652	-0.000351551068362491	0.000630994724625746	-0.00251554041046667	0.0240984463840275	-0.00020808823141511	0.000197492323960075	0.00088557681284939	-0.000742301686649925	0.00409733989089757	0.0171837035935225
3.09034315434759	0.000744258249380469	0.170310560004317	1.57160819014001	0.0941883268521606	0.000116267707449958	-0.000486130263519724	-0.000399919219630179	0.000717882030012875	-0.00285711234957059	0.0274214327000886	-0.000237335144620407	0.000225047379241606	0.00101115945711195	-0.000842110614114925	0.00467149792148339	0.0195868102617642
3.09595780915725	0.000831094734714582	0.189861774881675	1.75512387410038	0.094071194301598	0.000129840363778502	-0.000543073669437158	-0.00044648611296082	0.000801567457707448	-0.00318431821358552	0.0306234038970338	-0.000265719697069349	0.000251721273712893	0.00113344535633679	-0.000937344265784848	0.00522811373867303	0.0219147131461351
3.10196013504755	0.000914746190028895	0.208594688501556	1.93193677683133	0.09394637591917	0.000142916216796231	-0.000597992639777547	-0.000491310675055993	0.00088216091551441	-0.00349758067379067	0.0337084216134875	-0.000293277990070303	0.000277550172983182	0.00125259323040907	-0.00102811948559992	0.00576789915987432	0.024170367926377
3.10829798277802	0.000995364590821744	0.226544368919544	2.10235932575264	0.0938150286775559	0.000155518447741387	-0.000650983200173213	-0.000534472556977294	0.000959809410614141	-0.00379749030142731	0.0366819371199723	-0.000320055779709743	0.000302580409490459	0.00136879837408591	-0.00111460648788845	0.00629176373562605	0.0263575787518342
3.11492693676106	0.00107312093891131	0.243755570182428	2.2667435782757	0.0936781385607571	0.000167673179215407	-0.00070215321460045	-0.000576061799319415	0.00103467848050039	-0.00408472485101316	0.0395500931795623	-0.000346103238302573	0.000326863156538028	0.00148227187132688	-0.00119700381236926	0.00680070902655473	0.0284805485367815
3.12180935885965	0.00114819245271843	0.260267925338263	2.42545448267882	0.0935365414779412	0.000179407492243722	-0.000751614275237867	-0.000616171916512462	0.0011069397672894	-0.0043599948515837	0.0423192574927761	-0.000371471500972119	0.000350450892932312	0.0015932269968291	-0.00127552137460089	0.00729575872923746	0.030543581316214
3.12891340642729	0.00122075445202967	0.276122137741618	2.57885295750005	0.0933909448172945	0.000190748171161785	-0.000799476581666654	-0.000654895512521915	0.00117676314093068	-0.00462400876821748	0.0449957274591988	-0.000396210521909852	0.000373395186973269	0.00170187086749577	-0.00135036955361707	0.00777791514310504	0.0325508964264349
3.13621212152513	0.00129097552141968	0.291358654558016	2.72728582340178	0.0932419474849701	0.000201720956531212	-0.000845845904083423	-0.000692321664812929	0.00124431200039859	-0.00487745190445184	0.0475855545034388	-0.000420367836414395	0.000395745397235958	0.00180839970713297	-0.00142175252982485	0.0082481338855763	0.0345065202261165
3.14368263055195	0.00135901487000791	0.306015831230451	2.87108032167696	0.0930900575479562	0.000212350138156923	-0.000890821939630888	-0.000728534493122586	0.00130974070455511	-0.00512097456688258	0.0500944484305378	-0.000443987922705894	0.000417547983833453	0.00191299648967352	-0.00148986449677204	0.00870731071485091	0.0364142293223483
3.15130546234511	0.00142502111305133	0.320129595677101	3.01054159905048	0.0929357072902476	0.000222658368100153	-0.000934497568243033	-0.000763612495476995	0.00137319338232028	-0.00535518627212723	0.0525277335385152	-0.000467111946379181	0.000438846211919375	0.00201583008835797	-0.00155488775496008	0.00915627609685979	0.0382775267863537
3.15906397765899	0.00148913194374481	0.333733336796603	3.14595204729583	0.0927792658290067	0.000232666611290076	-0.000976958669752211	-0.000797628364796963	0.00143480360694188	-0.00558065377540181	0.0548903370945662	-0.000489777739756979	0.000459680098302054	0.00211705533973467	-0.00161699200199157	0.0095957945429975	0.0400996387318037
3.16694389675553	0.00155147434070062	0.346857929639508	3.27757175700362	0.0926210495762785	0.000242394178818515	-0.00101828427710417	-0.000830649094901887	0.00149469459067726	-0.00579790143186561	0.0571867972515561	-0.000512019918590147	0.000480086502224001	0.00221681363406176	-0.00167633435812194	0.0100265667519482	0.0418835228960025
3.17493286626786	0.00161216569971308	0.359531980988054	3.4056409246746	0.0924613316479348	0.00025185890570904	-0.00105854732874533	-0.000862736589413446	0.00155298027296931	-0.00600741527907479	0.0594213050464071	-0.000533870274925452	0.000500099482755165	0.00231523464602079	-0.00173306051658336	0.0104492372439412	0.043631900414149
3.18302032219527	0.0016713119292839	0.37178138967834	3.53037577494293	0.0923003457137241	0.000261076850089943	-0.00109781340757256	-0.000893946613754117	0.00160976348443408	-0.00620963565946335	0.0615976332512313	-0.000555357166103215	0.000519749734273322	0.00241243374472876	-0.0017873025594726	0.0108643823397083	0.0453472053025092
3.19119694235972	0.00172901220034882	0.383630427523264	3.65197866362463	0.0921382969277581	0.00027006303942972	-0.00113614387124174	-0.000924331376440358	0.00166514052468659	-0.00640497532825191	0.0637193126506682	-0.000576507057416776	0.000539066020004237	0.00250851859573518	-0.00183918425768274	0.0112725404414945	0.0470317113666622
3.1994546282694	0.00178535689328566	0.395101272545762	3.77063367604204	0.0919753631870464	0.000278831145894565	-0.00117359448669608	-0.000953938401350156	0.00171919918497039	-0.00659381164133417	0.0657895552419162	-0.000597343846880111	0.000558074554153121	0.00260358626904742	-0.00188881878114674	0.0116741987987985	0.0486874767145048
3.20778627485697	0.00184042904611043	0.406214342031881	3.88650968674375	0.0918117000459735	0.000287393712643949	-0.00121021637543815	-0.000982811309115469	0.00177202014542366	-0.00677649214745151	0.0678113076207512	-0.000617889323804292	0.000576799435848443	0.00269772518678973	-0.0019363103464574	0.0120698025422558	0.0503163816646514
3.21618562279836	0.00189430503005645	0.41698845041396	3.99976177268847	0.0916474440133861	0.000295762258548435	-0.00124605644813601	-0.00101099017799303	0.00182367762795327	-0.00695333724819344	0.0697872756389258	-0.000638163374349483	0.00059526284915838	0.00279101598543934	-0.00198175500760782	0.0124597587566896	0.0519201458727357
3.22464713591147	0.0019470551732507	0.427440955853509	4.11053251657378	0.0914827152937333	0.000303947374785692	-0.00128115780492515	-0.00103851187702753	0.00187423999918036	-0.00712464266995735	0.0717199471448371	-0.000658184169252786	0.000613485246691464	0.00288353229971531	-0.00202524139346118	0.0128444402072801	0.0535003440137092
3.23316589893711	0.00199874433068609	0.43758789480203	4.21895319688713	0.0913176200755651	0.000311958813055876	-0.00131556010053589	-0.00106541037050726	0.00192377032163785	-0.00729068173488045	0.0736116127477327	-0.000677968333894709	0.000631485516625925	0.00297534147010226	-0.00206685138707598	0.0132241887198359	0.0550584200189036
3.24173753197385	0.00204943240110152	0.44744410447812	4.32514486621028	0.0911522524497696	0.000319805565526028	-0.00134929987484083	-0.00109171699401799	0.00197232685375724	-0.00745170742913871	0.075464384632164	-0.000697531101378752	0.000649281133606448	0.00306650517772078	-0.00210666074572672	0.0135993182269875	0.0565956999138726
3.25035811856287	0.00209917479331726	0.457023333713822	4.42921932330143	0.0909866960239707	0.000327495936909903	-0.0013824108506093	-0.00111746070344591	0.00201996350106798	-0.00760795427584745	0.0772802135190668	-0.000716886449739953	0.000666888294442531	0.00315708001184643	-0.00214473966330797	0.013970117501381	0.058113403343169
3.25902414499978	0.00214802284558195	0.466338342903116	4.53127998654648	0.0908210252867265	0.000335037609243658	-0.001414924200865	-0.00114266829882725	0.00206673022201897	-0.00775964002463227	0.0790609039059249	-0.00073604722460824	0.0006843220397851	0.00324711797605454	-0.0021811532783979	0.0143368526013495	0.0596126538874141
3.26773244891451	0.00219602420191216	0.475400993915885	4.63142267722557	0.0906553067649479	0.000342437699981537	-0.00144686878848709	-0.00116736462517369	0.00211267339225022	-0.00790696717222421	0.0808081277333787	-0.000755025248704619	0.000701596363044828	0.0033366669390604	-0.00221596213204334	0.0146997690558608	0.061094488284189
3.27648017553088	0.00224322314948567	0.48422647275412	4.7297363211822	0.0904896000097768	0.000349702814046593	-0.00147827138072505	-0.00119157275244798	0.00215783613122589	-0.00805012432918034	0.0825234366281136	-0.000773831419519439	0.000718724307811843	0.00342577103611412	-0.00224922257962351	0.0150590938151502	0.0625598646630419
3.28526474031488	0.00228966092100844	0.492833239337391	4.82630357716405	0.0903239584395909	0.000356839090448309	-0.00150915684119014	-0.00121531413678939	0.00220225859500807	-0.00818928744758228	0.0842082728663047	-0.000792475796443701	0.000735718054974694	0.00351447102640495	-0.00228098716112696	0.0154150369919717	0.0640096698989364
3.29408379695773	0.0023353759657412	0.50121927920637	4.92120139960034	0.0901584300635694	0.000363852244041725	-0.00153954830172459	-0.00123860876496397	0.00224597823872696	-0.008324620923859	0.0858639791931	-0.000810967678526223	0.000752589000653329	0.00360280461146718	-0.00231130493400105	0.0157677934165424	0.0654447261808697
3.30293520983102	0.00238040419256755	0.509393570892136	5.01450154292979	0.0899930581050186	0.000370747602954739	-0.00156946731634402	-0.00126147528385286	0.00228903005201214	-0.00845627858983572	0.0874918076222683	-0.000829315673914686	0.000769347825961421	0.00369080671908419	-0.00234022177244632	0.0161175440260925	0.0668657968834374
3.31181703020502	0.00242477918817227	0.517364524944456	5.10627101392884	0.0898278815402463	0.000377530142161082	-0.00159893399924148	-0.00128393111662305	0.00233144677034791	-0.00858440460398372	0.0890929273285452	-0.000847527761933961	0.000786004559513474	0.00377850975670105	-0.00236778063671011	0.0164644571078309	0.0682735918203444
3.32072747564517	0.00246853241308634	0.525140031207694	5.1965724778278	0.0896629355660306	0.000384204513627641	-0.00162796714863506	-0.00130599256705801	0.00237325906501553	-0.00870913425368914	0.0906684317336629	-0.000865611348647497	0.00080256863349523	0.00386594383790533	-0.00239402181559955	0.016808689412079	0.0696687719503118
3.32966491210279	0.00251169337805915	0.532727501412119	5.28546462337815	0.08949825200649	0.000390775073418436	-0.00165658435804715	-0.00132767491336768	0.00241449571399966	-0.00883059467824462	0.0922193448761505	-0.000883573316651116	0.000819048934025119	0.00395313698511823	-0.00241898314511025	0.0171503871504383	0.0710519535979132
3.33862783829753	0.00255428980294376	0.540133907593447	5.37300249145347	0.089333859668339	0.000397245906094796	-0.00168480211642423	-0.00134899249264893	0.00245518375597143	-0.00894890552121681	0.0937466271448608	-0.000901420069764859	0.000835453846450452	0.00404011531126202	-0.00244270020575815	0.0174896868921285	0.0724237122446016
3.34761487205608	0.00259634776003292	0.547365816796738	5.45923777124554	0.0891697846520431	0.000403620846712519	-0.00171263589834431	-0.00136995877703516	0.00249534862922171	-0.00906417951989133	0.0952511804470913	-0.000919157573198053	0.000851791296148863	0.00412690318283186	-0.00246520650092258	0.0178267163700586	0.0737845859387087
3.35662473832664	0.00263789180355758	0.554429422468392	5.54421906763877	0.0890060506251436	0.000409903500681599	-0.00174010024541217	-0.00139058644245212	0.00253501429719877	-0.00917652303861376	0.0967338528738167	-0.000936791389711258	0.000868068785335141	0.00421352336650869	-0.0024865336182456	0.0181615952068458	0.0751350783673267
3.36565625863291	0.00267894508686145	0.561330572894281	5.62799214293256	0.0888426790630525	0.00041609726172329	-0.00176720883981468	-0.00141088743079137	0.00257420336211475	-0.00928603655207799	0.0981954429173387	-0.000954326712216669	0.000884293426317251	0.00429999716118108	-0.00250671137590604	0.0184944355697279	0.0764756616278905
3.37470834176921	0.00271952946858725	0.568074797000442	5.7106001357042	0.0886796894617649	0.000422205328131515	-0.00179397457089256	-0.00143087300621621	0.00261293716791217	-0.0093928150839104	0.0996367032900781	-0.000971768393218433	0.000900471971590644	0.00438634451702131	-0.00252576795537694	0.0188253427622731	0.0778067787327092
3.38377997556857	0.00275966560905313	0.574667327796137	5.7920837592772	0.0885170995262669	0.00042823071752126	-0.001820409595484	-0.0014505538062319	0.00265123589373067	-0.00949694860528195	0.101058344387517	-0.000989120971439923	0.000916610841114056	0.00447258414305598	-0.00254373002209057	0.0191544157598157	0.0791288458757063
3.39287021960125	0.0027993730578609	0.581113123707036	5.87248148197151	0.0883549253378405	0.000434176280225294	-0.00184652539270675	-0.00146993988807767	0.00268911863888163	-0.00959852239773953	0.102461037433267	-0.00100638869594485	0.000932716147069691	0.00455873360449647	-0.00256062283527514	0.0194817476947338	0.0804422544871464
3.40197819868256	0.00283867033365618	0.587416888017605	5.95182969105745	0.0881931815029956	0.000440044711481656	-0.00187233281376753	-0.00148904077093316	0.00272660350022089	-0.00969761738396342	0.103845417339794	-0.00102357554802178	0.000948793716374801	0.00464480941094595	-0.00257647034807964	0.0198074262969481	0.0817473730990659
3.41110309708615	0.0028775749968532	0.59358308661665	6.03016284210988	0.0880318812863607	0.000445838562537691	-0.00189784212731767	-0.00150786547437424	0.00276370764270612	-0.00979431042973433	0.105212085314404	-0.0010406852610699	0.000964849111180096	0.00473082709645894	-0.00259129529897921	0.0201315342943832	0.0830445490414095
3.42024415337444	0.00291610371604516	0.599615964218167	6.10751359526741	0.0878710367295301	0.000451560250782166	-0.00192306306081566	-0.00152642255346439	0.0028004473638364	-0.00988867462002434	0.106561611236745	-0.00105772133869664	0.000980887647563555	0.00481680129232002	-0.00260511929534018	0.0204541497775874	0.0843341099865881
3.42940065576994	0.00295427232873738	0.605519559209981	6.18391293972511	0.0877106587575859	0.000457212069004025	-0.00194800483830291	-0.00154472013082183	0.0028368381525909	-0.00998077951179429	0.107894535830998	-0.00107468707121212	0.000996914412603723	0.00490274579330186	-0.00261796288992573	0.0207753465322067	0.0856163653580644
3.4385719380019	0.0029920958969704	0.611311984603298	6.25939030764333	0.0875507572747751	0.000462796193865391	-0.00197267621495426	-0.00156276592596664	0.00287289474341554	-0.0100706913657969	0.109211372653406	-0.00109158555068444	0.00101293427999622	0.00498867361807758	-0.00262984565103711	0.0210951943425971	0.0868916076168357
3.44775737557178	0.00302960911055903	0.616990950143232	6.33397367851716	0.0873913412506202	0.000468314693666362	-0.00199708550872256	-0.00158056728221507	0.00290863116574308	-0.0101584733594242	0.110512609913351	-0.00110841968470189	0.00102895192435775	0.00507459706438036	-0.00264078622690723	0.0214137592694697	0.088160113438041
3.45695638238862	0.00306680713056136	0.622552145801056	6.4076896749409	0.0872324187975736	0.000473769535470824	-0.00202124062936282	-0.0015981311913617	0.00294406078948112	-0.0102441857824222	0.111798712144289	-0.00112519220896727	0.00104497183434736	0.00516052775944101	-0.00265080240489839	0.0217311039041472	0.0894221447886133
3.46616840773158	0.00310370128518773	0.627998899650621	6.48056365059387	0.0870739972411772	0.000479162591654625	-0.0020451491050884	-0.00161546431636071	0.00297919636685193	-0.010327886217093	0.113070121738962	-0.0011419056988484	0.00106099832471752	0.00524647670617038	-0.00265991116599411	0.0220472876017342	0.0906779499156209
3.47539293350292	0.0031403039843931	0.633334391748556	6.55261977118941	0.0869160831835692	0.000484495645931098	-0.00206881810708565	-0.00163257301219768	0.00301405007093026	-0.0104096297044341	0.114327260361831	-0.00115856257997001	0.00107703554740009	0.00533245432550202	-0.00266812873502557	0.0223623666952085	0.0919277642539365
3.48462947173903	0.00317662708056676	0.638561663108898	6.62388108904502	0.0867586825610663	0.000489770398902765	-0.002092254472088	-0.00164946334512012	0.00304863353118457	-0.0104894688975116	0.115570530250205	-0.00117516513795754	0.00109308750171478	0.00541847049526781	-0.00267547062702367	0.0226763946922884	0.0931718112608952
3.4938775623513	0.00321268190228812	0.6436836239964	6.6943696118636	0.0866018006964658	0.000494988473182984	-0.00211546472318942	-0.00166614111037871	0.00308295786629735	-0.0105674542032241	0.116800315414364	-0.00119171552739899	0.00110915804378379	0.00550453458593465	-0.00268195169004905	0.022989422456665	0.0944103031847878
3.50313677107212	0.00324847928553319	0.648703061599876	6.76410636625537	0.0864454423466295	0.000500151418126828	-0.00213845508905901	-0.00168261184861508	0.00311703371451113	-0.0106436339135025	0.11801698274592	-0.0012082157801014	0.00112525089522484	0.0055906554934975	-0.00268758614481596	0.02330149837506	0.0956434417733334
3.51240668758448	0.00328402960255874	0.653622647140297	6.83311145647174	0.0862896117458403	0.000505260714206171	-0.00216123152170019	-0.00169888086101751	0.0031508712617201	-0.0107180543268741	0.119220883042627	-0.00122466781270995	0.00114136965118715	0.00567684166979282	-0.0026923876213921	0.0236126685114076	0.0968714189275934
3.52168692381572	0.00331934278866935	0.658444942463197	6.9014041187777	0.0861343126453725	0.000510317777060636	-0.00218379971288487	-0.00171495322335364	0.00318448026750652	-0.0107907598612365	0.120412351957099	-0.00124107343374417	0.00115751778778943	0.00576310115046713	-0.00269636919323047	0.0239229767493194	0.0980944173062564
3.53097711237897	0.00335442836705128	0.663172406159779	6.96900277184432	0.0859795483496552	0.000515323961252718	-0.00220616510937868	-0.00173083379897896	0.00321787008930008	-0.0108617931585934	0.121591710876076	-0.00125743435010282	0.00117369866901258	0.00584944158081447	-0.00269954340876162	0.0242324649238738	0.0993126108847044
3.54027690514712	0.0033892954718387	0.667807399256783	7.03592506350483	0.0858253217493714	0.000520280563752581	-0.00222833292706203	-0.00174652725090869	0.00325104970482095	-0.0109311951824361	0.12275926773625	-0.00127375217308759	0.00118991555309385	0.00593587023966784	-0.0027019223207545	0.0245411729436715	0.100526165472821
3.54958597194632	0.00342395286956201	0.672352190511303	7.10218791418474	0.0856716353517937	0.000525188827175586	-0.00225030816404165	-0.00176203805303345	0.00328402773295144	-0.0109990053083853	0.123915317782048	-0.00129002842398424	0.0012061715984655	0.00602239406152248	-0.002703517513631	0.0248491389039982	0.101735239195119
3.55890399935721	0.00345840897911333	0.676808961343287	7.16780755728621	0.0855184913086239	0.000530049942793316	-0.00227209561283783	-0.00177737050055026	0.00331681245316767	-0.0110652614086507	0.125060144270285	-0.00130626453924086	0.00122246986927638	0.0061090196570365	-0.0027043401289053	0.0251563991918559	0.102939982936411
3.56823068961352	0.00349267189035085	0.681179810435201	7.23279957677831	0.085365891441575	0.000534865053336825	-0.00229369987172403	-0.001792528719674	0.003349411823649	-0.0111299999308108	0.126194019126051	-0.00132246187527554	0.00123881334053113	0.00619575333205444	-0.00270440088889884	0.0254629885835471	0.104140540755913
3.57756575958887	0.00352674938145326	0.685466758025819	7.29717894222384	0.0852138372659073	0.00053963525560921	-0.00231512535528923	-0.00180751667668841	0.00338183349817302	-0.0111932559713707	0.127317203553876	-0.00133862171295109	0.00125520490287784	0.00628260110527501	-0.00270371011887127	0.0257689403354462	0.105337050272434
3.58690893986333	0.00356064893512361	0.689677238452756	7.36096004144799	0.0850623300121088	0.000544361602922758	-0.0023363763042852	-0.0018223381863895	0.00341408484189311	-0.0112550633445101	0.128429948607752	-0.00135474526173044	0.00127164736707424	0.0063695687246753	-0.00270227776769203	0.0260742862684868	0.106529643022991
3.59625997386262	0.0035943777537348	0.693829010342262	7.42415671103975	0.0849113706458893	0.000549045107374844	-0.00235745679481706	-0.0018369969199705	0.00344617294608711	-0.0113154546464019	0.129532495723336	-0.00137083366355623	0.00128814346815623	0.00645666168279757	-0.00270011342716816	0.0263790568469187	0.107718444797052
3.60561861706315	0.00362794277349803	0.69790293008148	7.48678226485399	0.0847609598866385	0.000553686741975054	-0.00237837074692808	-0.00185149641239151	0.0034781046419568	-0.0113744613154383	0.130625077215264	-0.00138688799646324	0.00130469586933355	0.00654388523098871	-0.0026972263501304	0.0266832812517578	0.108903575948315
3.61498463625708	0.00366135067773062	0.701900734633452	7.54884952067201	0.0846110982244865	0.000558287442635259	-0.00239912193262665	-0.0018658400692745	0.00350988651355208	-0.0114321136886812	0.131707916742344	-0.00140290927794876	0.00132130716563397	0.00663124439267392	-0.00269362546737523	0.0269869874493624	0.110085151685827
3.6243578088721	0.00369460790929114	0.705824100389635	7.61037082516127	0.0844617859360881	0.000562848110033077	-0.00241971398339832	-0.0018800311733599	0.00354152490988552	-0.011488441054819	0.132781229743063	-0.00141889846812551	0.00133797988731412	0.00671874397574859	-0.0026893194035461	0.0272902022555285	0.111263282346052
3.63373792234109	0.00372772068224458	0.709674646059038	7.67135807726291	0.0843130230992402	0.000567369611358305	-0.002440150397242	-0.00189407289055779	0.00357302595629861	-0.0115434717038888	0.133845223843665	-0.00143485647266544	0.00135471650305615	0.00680638858414921	-0.00268431649203541	0.0275929513954294	0.112438073647347
3.64312477351744	0.00376069499281492	0.713453935382651	7.73182275012635	0.0841648096064341	0.00057185278195115	-0.00246043454526637	-0.00190796827562434	0.00360439556513516	-0.0115972329740046	0.134900099240877	-0.0014507841455556	0.00137151942296565	0.00689418262867271	-0.00267862478897803	0.0278952595597322	0.113609626928205
3.65251816813211	0.00379353662967661	0.717163479685692	7.79177591169619	0.084017145177429	0.000576298426840118	-0.00248056967787877	-0.00192172027749083	0.00363563944577187	-0.0116497512953035	0.135946049061123	-0.00146668229167845	0.00138839100138553	0.00698213033709879	-0.00267225208640205	0.0281971504571699	0.114778039370471
3.66191792028897	0.00382625118363392	0.720804740279588	7.85122824405287	0.0838700293709309	0.00058070732218706	-0.00250055893059713	-0.00193533174427129	0.00366676311405365	-0.0117010522313147	0.136983259697987	-0.00148255166923113	0.00140533353953963	0.00707023576366923	-0.00266520592459901	0.0284986468638427	0.115943404208659
3.67132385199515	0.0038588440567308	0.72437913072407	7.91019006159473	0.0837234615954483	0.000585080216645926	-0.00252040532951162	-0.001948805427971	0.00369777190117496	-0.011751160517929	0.138011911129463	-0.00149839299199596	0.00142234928801786	0.00715850279797188	-0.0026574936037667	0.028799770669484	0.117105810926394
3.68073579272373	0.00389132047083202	0.72788801895933	7.96867132814508	0.083577441119392	0.000589417832641416	-0.00254011179642154	-0.00196214398891791	0.00372867096204714	-0.0118001001001381	0.139032177216455	-0.00151420693146739	0.00143944044911538	0.00724693517327238	-0.00264912219497733	0.0291005429209036	0.118265345440893
3.69015357900594	0.00392368547571267	0.73133272931723	8.02668167306084	0.0834319670804791	0.000593720867573239	-0.00255968115367044	-0.00197534999993624	0.00375946528318718	-0.0118478941666989	0.14004422598384	-0.0015299941188555	0.00145660917903463	0.00733553647433657	-0.00264009855051682	0.0294009838628307	0.119422090276385
3.69957705405072	0.00395594395668928	0.734714544419761	8.08423040641099	0.083287038494496	0.000597989994951032	-0.00257911612870035	-0.00198842595028019	0.00379015969016068	-0.0118945651828614	0.14104821988532	-0.00154575514696794	0.00147385758996069	0.00742431014477659	-0.00263042931363876	0.0297011129763269	0.120576124727215
3.70900606738931	0.00398810064182439	0.738034706972419	8.14132653329001	0.0831426542634711	0.000602225865464814	-0.00259841935834485	-0.00200137424934424	0.00382075885460982	-0.0119401349212934	0.142044316053162	-0.00156149057197719	0.0014911877520192	0.00751325949395834	-0.00262012092777207	0.0300009490149361	0.121727525011371
3.71844047454313	0.00402016010873285	0.741294421459506	8.1979787673247	0.0829988131833012	0.000606429107995291	-0.00261759339287868	-0.00201419723016531	0.00385126730089369	-0.01198462449132	0.143032666533881	-0.00157720091509	0.0015086016951233	0.00760238770349793	-0.00260917964521977	0.0303005100387475	0.122876364415111
3.72788013671294	0.00405212679101674	0.744494855747829	8.25419554342909	0.0828555139508744	0.000610600330568093	-0.00263664069984039	-0.00202689715273086	0.00388168941236713	-0.0120280543665903	0.144013418510789	-0.00159288666411651	0.00152610141071877	0.0076916978333794	-0.0025976115353815	0.0305998134464963	0.12402271342928
3.73732492048781	0.0040840049843529	0.747657016235863	8.30998502985699	0.0827127551707272	0.00061474012125564	-0.00265556366764326	-0.00203947620710544	0.00391202943732164	-0.0120704444112725	0.144986714514299	-0.00160854827494973	0.00154368885343318	0.00778119282771591	-0.00258542249253184	0.0308988760058418	0.125166639877895
3.74677469757246	0.00411579885225605	0.750773019198139	8.36535513959899	0.0825705353612691	0.000618849049030097	-0.00267436460898838	-0.00205193651638816	0.0039422914946102	-0.0121118139048723	0.145952692620786	-0.00162418617296518	0.00156136594263535	0.00787087552018241	-0.00257261824318242	0.0311977138819547	0.126308209039512
3.75622934453137	0.00414751243153807	0.75383340166091	8.42031354116618	0.0824288529606084	0.000622927664570571	-0.002693045764093	-0.00206428013951164	0.0039724795789766	-0.0121521815657628	0.146911486640744	-0.00163980075433552	0.00157913456391198	0.00796074863913877	-0.00255920435305488	0.0314963426645037	0.127447483761853
3.76568874254878	0.00417914963748298	0.756839194257296	8.47486766880048	0.0822877063320073	0.00062697650102754	-0.00271160930374598	-0.00207650907389273	0.00400259756610768	-0.0121915655735062	0.147863226296948	-0.00165539238727974	0.00159699657046524	0.00805081481246752	-0.0025451862336892	0.0317947773931754	0.128584524570138
3.77515277720311	0.00421071426875533	0.759791397972095	8.52902473214755	0.0821470937689916	0.000630996074747155	-0.00273005733220142	-0.00208862525794483	0.00403264921742619	-0.0122299835900417	0.14880803739323	-0.00167096141323737	0.00161495378443807	0.00814107657214108	-0.00253056914871001	0.032093032581795	0.129719389769532
3.78462133825499	0.00424221001205857	0.762690985302065	8.58279172542677	0.0820070135001422	0.000634986885958005	-0.00274839188992069	-0.00210063057345961	0.00406263818463999	-0.0122674527798115	0.149746041974481	-0.00168650814798463	0.00163300799817008	0.00823153635853939	-0.00251535821977243	0.0323911222411608	0.130852135542081
3.79409431944779	0.00427364044655891	0.765538901358339	8.63617543612915	0.0818674636935887	0.000638949419422646	-0.00276661495617247	-0.00211252684786728	0.00409256801406289	-0.0123039898288868	0.150677358478422	-0.00170203288268717	0.00165116097538981	0.00832219652453338	-0.00249955843220641	0.0326890599006586	0.131982816038494
3.80357161831986	0.00430500904808881	0.768336064914503	8.68918245327261	0.0817284424612264	0.000642884145056066	-0.00278472845149952	-0.00212431585638215	0.0041224421507209	-0.0123396109631559	0.151602101879644	-0.00171753588489755	0.00166941445234659	0.00841305933934775	-0.00248317464037864	0.0329868586287401	0.133111483465084
3.81305313602772	0.00433631919314339	0.771083369403558	8.74181917524145	0.0815899478626757	0.000646791518513104	-0.00280273424006028	-0.00213599932404078	0.00415226394225667	-0.0123743319656293	0.152520383826396	-0.00173301739950025	0.00168777013888575	0.00850412699221864	-0.00246621157278846	0.0332845310523336	0.134238188166189
3.82253877717928	0.00436757416268216	0.773781683866792	8.79409181723528	0.081451977909002	0.000650671981746686	-0.00282063413185305	-0.00214757892763919	0.00418203664264419	-0.0124081681929138	0.153432312770561	-0.00174847764960955	0.00170622971947049	0.00859540159585942	-0.00244867383691339	0.0335820893752586	0.135362978702329
3.83202844967656	0.00439877714574739	0.776431853857367	8.84600641835049	0.0813145305662112	0.000654525963538621	-0.00283842988482972	-0.00215905629757499	0.00421176341572491	-0.0124411345909043	0.154337994091215	-0.00176391683741779	0.00172479485415421	0.00868688518974398	-0.00243056592381968	0.033879545395695	0.136485901924376
3.84152206456725	0.00442993124290997	0.779034702301255	8.89756884831647	0.0811776037585368	0.00065835388000458	-0.0028561232069056	-0.00217043301960031	0.00424144733857576	-0.0124732457097383	0.155237530212171	-0.00177933514500221	0.00174346717950555	0.00877857974322271	-0.0024118922125507	0.0341769105227723	0.137607003043974
3.85101953590444	0.00446103946955257	0.781591030317928	8.94878481390621	0.0810411953715314	0.000662156135074755	-0.00287371575787148	-0.00218171063649031	0.00427109140471844	-0.0125045157180549	0.156131020713829	-0.00179473273509196	0.00176224830948914	0.0088704871584772	-0.00239265697430653	0.0344741957923311	0.138726325700427
3.86052078061414	0.00449210475899955	0.784101618003135	8.99965986504072	0.0809053032549762	0.000665933120951615	-0.00289120915121371	-0.00219289064963273	0.00430069852717947	-0.0125349584165975	0.157018562439692	-0.00181010975179485	0.00178113983630488	0.00896260927332679	-0.00237286437642654	0.0347714118819012	0.139843912024274
3.87002571836992	0.00452312996550207	0.786567225175827	9.05019940060442	0.0807699252256201	0.000669685218546062	-0.00290860495584743	-0.00220397452054248	0.00433027154140909	-0.0125645872511977	0.157900249597839	-0.00182546632128773	0.0018001433311881	0.00905494786389343	-0.00235251848618577	0.0350685691249431	0.140959802697737
3.87953427147429	0.00455411786708677	0.789017962908698	9.1004086739882	0.080635059069759	0.000673412797893217	-0.00292590469776807	-0.0022149636723057	0.00435981320806695	-0.0125934153251731	0.158776173857642	-0.00184080255247549	0.00181926034517223	0.00914750464713489	-0.00233162327441601	0.0353656775244037	0.142074037012227
3.88904636474642	0.00458507116827525	0.791429888463141	9.1502927983752	0.0805007025456656	0.000677116218548964	-0.00294310986162566	-0.00222585949095748	0.00438932621568206	-0.0126214554111728	0.159646424441998	-0.00185611853761536	0.00183849240981704	0.00924028128325309	-0.00231018261896074	0.0356627467656141	0.143186652923084
3.89856192541578	0.00461599250268176	0.793799319208104	9.19985675178418	0.0803668533858794	0.000680795829968354	-0.00296022189222629	-0.00223666332679654	0.00441881318319387	-0.0126487199624993	0.160511088215326	-0.00187141435291222	0.00185784103790365	0.00933327937798516	-0.00228820030797347	0.0359597862285755	0.144297687101696
3.90808088302126	0.00464688443549555	0.796126936659374	9.24910538188311	0.0802335092993657	0.000684451971866823	-0.00297724219596483	-0.00224737649564054	0.00444827666238071	-0.0126752211239353	0.161370249767561	-0.001886690059086	0.00187730772409845	0.00942650048478358	-0.00226568004306786	0.0362568049996654	0.145407174985153
3.91760316931555	0.00467774946585402	0.798413405407352	9.29804341058614	0.0801006679735505	0.000688084974565197	-0.00299417214219253	-0.00225800028002533	0.00447771914018195	-0.0127009707421016	0.162223991494365	-0.00190194570191105	0.0018968939455876	0.00951994610689355	-0.00224262544232719	0.0365538118827939	0.146515150823575
3.9271287181744	0.00470859002911263	0.800659373683886	9.3466754384455	0.0799683270762409	0.000691695159319338	-0.0030110130645232	-0.00226853593035109	0.00450714304091934	-0.0127259803753713	0.163072393673759	-0.00191718131273	0.00191660116268389	0.00961361769932955	-0.00221904004318145	0.0368508154100435	0.147621647725237
3.93665746551043	0.00473940849901696	0.802865473904905	9.39500594884921	0.0798364842574367	0.000695282838635269	-0.00302776626208127	-0.0022789846659778	0.0045365507284228	-0.0127502613033626	0.163915534539367	-0.00193239690894626	0.00193643081940679	0.00970751667076117	-0.00219492730515835	0.0371478238518244	0.148726697699619
3.94618934919127	0.00477020718978198	0.805032323190091	9.44303931203511	0.0797051371510394	0.000698848316570522	-0.00304443300069471	-0.00228934767627387	0.00456594450806592	-0.0127738245360325	0.164753490350457	-0.00194759249448811	0.00195638434403849	0.00980164438530968	-0.00217029061251515	0.0374448452265572	0.149830331698488
3.95572430896182	0.00480098835808347	0.807160523860821	9.49077978893075	0.0795742833764656	0.000702391889022466	-0.00306101451403588	-0.00229962612161889	0.00459532662871536	-0.0127966808223919	0.165586335458944	-0.00196276806025875	0.00197646314965528	0.0098960021642633	-0.00214513327675742	0.0377418873099317	0.150932579655122
3.96526228637021	0.00483175420496585	0.809250663917412	9.5382315348283	0.079443920540171	0.00070591384400426	-0.00307751200471291	-0.00230982113436386	0.00462469928459897	-0.0128188406588605	0.166414142373508	-0.00197792358456117	0.00199666863463715	0.00999059128771318	-0.00211945853905046	0.0380389576437433	0.152033470521774
3.97480322469749	0.00486250687767101	0.811303317496781	9.58539860290292	0.0793140462370878	0.000709414461909087	-0.00309392664531435	-0.00231993381975116	0.00465406461709674	-0.012840314297281	0.167236981820989	-0.00199305903350364	0.0020170021831565	0.0100854129961148	-0.00209326957252913	0.0383360635443384	0.153133032305468
3.98434706889059	0.00489324847139177	0.813319045311447	9.6322849475828	0.0791846580519841	0.000712894015763263	-0.00311025957940929	-0.00232996525679553	0.00468342471645807	-0.0128611117526075	0.16805492280519	-0.0020081743613897	0.00203746516564607	0.0101804684917802	-0.00206656948451087	0.0386332121106909	0.154231292102219
3.99389376549858	0.004923981030954	0.81529839507083	9.67889442777818	0.0790557535607464	0.000716352771468788	-0.0031265119225054	-0.0023399164991288	0.00471278162344943	-0.0128812428102867	0.168868032663217	-0.00202326951109007	0.00205805893924813	0.0102757589403043	-0.00203936131861673	0.0389304102321279	0.155328276129756
4.00344326261188	0.00495470655243072	0.817241901885694	9.72523080997652	0.0789273303315919	0.000719790988035855	-0.00314268476296691	-0.00234978857580994	0.00474213733093573	-0.0129007170333442	0.169676377119487	-0.00203834441439564	0.00207878484824588	0.010371285471925	-0.0020116480568057	0.0392276645957162	0.156424009758819
4.01299550980435	0.0049854269846917	0.819179313215931	9.77129777121071	0.0787993859262139	0.000723208917805835	-0.00315877916289465	-0.0023595824921018	0.00477149378539854	-0.0129195437691928	0.170480020337522	-0.00205339899235792	0.00209964422447719	0.0104670491828294	-0.00198343262132527	0.0395249816933371	0.157518517543119
4.02255045807805	0.00501614423089154	0.821089656852077	9.81709890190614	0.0786719179008638	0.000726606806665189	-0.00317479615896986	-0.00236929923021687	0.0048008528883943	-0.0129377321561735	0.171279024969622	-0.00206843315561463	0.0021206383877321	0.0105630511363973	-0.00195471787658362	0.0398223678284614	0.158611823248013
4.03210805981056	0.00504686014989924	0.822965983607259	9.86263770861307	0.0785449238073734	0.000729984894250767	-0.00319073676326379	-0.00237893975003299	0.00483021649795536	-0.0129552911298443	0.172073452204547	-0.00208344680469899	0.00214176864613506	0.0106592923643955	-0.00192550663094651	0.0401198291226344	0.15970394987797
4.04166826870469	0.00507757655767213	0.824808778655938	9.90791761662961	0.0784184011941213	0.000733343414146901	-0.00320660196401454	-0.00238850498978072	0.0048595864299367	-0.0129722294290272	0.172863361813281	-0.0020984398303392	0.00216303629651201	0.0107557738681201	-0.0018958016384625	0.0404173715216958	0.160794919702875
4.05123103974047	0.00510829522857666	0.826618516435478	9.95294197252056	0.0782923476069462	0.000736682594074685	-0.0032223927263729	-0.00239799586670363	0.0048889644593108	-0.0129885556016253	0.173648812192986	-0.00211341211373979	0.00218444262474414	0.0108524966194884	-0.00186560560052037	0.0407150008017338	0.16188475428325
4.06079632912928	0.00513901789665864	0.82839566096338	9.99771404653716	0.0781667605900095	0.000740002656073821	-0.00323810999311855	-0.00240741327769294	0.0049183523214129	-0.0130042780102198	0.174429860409218	-0.00212836352685746	0.00220598890610735	0.010949461562088	-0.00183492116744137	0.0410127225748029	0.162973474494419
4.07036409427005	0.00516974625686524	0.830140666142578	10.0422370349425	0.0780416376866107	0.000743303816677379	-0.00325375468534817	-0.00241675809989765	0.00494775171313938	-0.0130194048374591	0.175206562236512	-0.00214329393266083	0.00222767640559966	0.01104666961218	-0.00180375094000961	0.0413105422944038	0.164061100549692
4.07993429370732	0.00520048196622095	0.831853976055335	10.086514062247	0.0779169764399585	0.000746586287079797	-0.00326932770313659	-0.00242603119131109	0.00497716429410095	-0.0130339440912462	0.175978972197377	-0.0021582031853823	0.00224950637825612	0.011144121659663	-0.00177209747094332	0.0416084652607434	0.165147652022596
4.08950688709122	0.00523122664495968	0.833536025246302	10.130548183358	0.0777927743938982	0.000749850273298448	-0.00328482992617252	-0.00243523339133543	0.00500659168773313	-0.013047903609737	0.176747143599814	-0.0021730911307568	0.00227148006945256	0.0112418185689942	-0.0017399632663105	0.0419064966257819	0.166233147868219
